name,type,direction,description
feature_0000,float,,Feature 0 of the smiles transformer
feature_0001,float,,Feature 1 of the smiles transformer
feature_0002,float,,Feature 2 of the smiles transformer
feature_0003,float,,Feature 3 of the smiles transformer
feature_0004,float,,Feature 4 of the smiles transformer
feature_0005,float,,Feature 5 of the smiles transformer
feature_0006,float,,Feature 6 of the smiles transformer
feature_0007,float,,Feature 7 of the smiles transformer
feature_0008,float,,Feature 8 of the smiles transformer
feature_0009,float,,Feature 9 of the smiles transformer
feature_0010,float,,Feature 10 of the smiles transformer
feature_0011,float,,Feature 11 of the smiles transformer
feature_0012,float,,Feature 12 of the smiles transformer
feature_0013,float,,Feature 13 of the smiles transformer
feature_0014,float,,Feature 14 of the smiles transformer
feature_0015,float,,Feature 15 of the smiles transformer
feature_0016,float,,Feature 16 of the smiles transformer
feature_0017,float,,Feature 17 of the smiles transformer
feature_0018,float,,Feature 18 of the smiles transformer
feature_0019,float,,Feature 19 of the smiles transformer
feature_0020,float,,Feature 20 of the smiles transformer
feature_0021,float,,Feature 21 of the smiles transformer
feature_0022,float,,Feature 22 of the smiles transformer
feature_0023,float,,Feature 23 of the smiles transformer
feature_0024,float,,Feature 24 of the smiles transformer
feature_0025,float,,Feature 25 of the smiles transformer
feature_0026,float,,Feature 26 of the smiles transformer
feature_0027,float,,Feature 27 of the smiles transformer
feature_0028,float,,Feature 28 of the smiles transformer
feature_0029,float,,Feature 29 of the smiles transformer
feature_0030,float,,Feature 30 of the smiles transformer
feature_0031,float,,Feature 31 of the smiles transformer
feature_0032,float,,Feature 32 of the smiles transformer
feature_0033,float,,Feature 33 of the smiles transformer
feature_0034,float,,Feature 34 of the smiles transformer
feature_0035,float,,Feature 35 of the smiles transformer
feature_0036,float,,Feature 36 of the smiles transformer
feature_0037,float,,Feature 37 of the smiles transformer
feature_0038,float,,Feature 38 of the smiles transformer
feature_0039,float,,Feature 39 of the smiles transformer
feature_0040,float,,Feature 40 of the smiles transformer
feature_0041,float,,Feature 41 of the smiles transformer
feature_0042,float,,Feature 42 of the smiles transformer
feature_0043,float,,Feature 43 of the smiles transformer
feature_0044,float,,Feature 44 of the smiles transformer
feature_0045,float,,Feature 45 of the smiles transformer
feature_0046,float,,Feature 46 of the smiles transformer
feature_0047,float,,Feature 47 of the smiles transformer
feature_0048,float,,Feature 48 of the smiles transformer
feature_0049,float,,Feature 49 of the smiles transformer
feature_0050,float,,Feature 50 of the smiles transformer
feature_0051,float,,Feature 51 of the smiles transformer
feature_0052,float,,Feature 52 of the smiles transformer
feature_0053,float,,Feature 53 of the smiles transformer
feature_0054,float,,Feature 54 of the smiles transformer
feature_0055,float,,Feature 55 of the smiles transformer
feature_0056,float,,Feature 56 of the smiles transformer
feature_0057,float,,Feature 57 of the smiles transformer
feature_0058,float,,Feature 58 of the smiles transformer
feature_0059,float,,Feature 59 of the smiles transformer
feature_0060,float,,Feature 60 of the smiles transformer
feature_0061,float,,Feature 61 of the smiles transformer
feature_0062,float,,Feature 62 of the smiles transformer
feature_0063,float,,Feature 63 of the smiles transformer
feature_0064,float,,Feature 64 of the smiles transformer
feature_0065,float,,Feature 65 of the smiles transformer
feature_0066,float,,Feature 66 of the smiles transformer
feature_0067,float,,Feature 67 of the smiles transformer
feature_0068,float,,Feature 68 of the smiles transformer
feature_0069,float,,Feature 69 of the smiles transformer
feature_0070,float,,Feature 70 of the smiles transformer
feature_0071,float,,Feature 71 of the smiles transformer
feature_0072,float,,Feature 72 of the smiles transformer
feature_0073,float,,Feature 73 of the smiles transformer
feature_0074,float,,Feature 74 of the smiles transformer
feature_0075,float,,Feature 75 of the smiles transformer
feature_0076,float,,Feature 76 of the smiles transformer
feature_0077,float,,Feature 77 of the smiles transformer
feature_0078,float,,Feature 78 of the smiles transformer
feature_0079,float,,Feature 79 of the smiles transformer
feature_0080,float,,Feature 80 of the smiles transformer
feature_0081,float,,Feature 81 of the smiles transformer
feature_0082,float,,Feature 82 of the smiles transformer
feature_0083,float,,Feature 83 of the smiles transformer
feature_0084,float,,Feature 84 of the smiles transformer
feature_0085,float,,Feature 85 of the smiles transformer
feature_0086,float,,Feature 86 of the smiles transformer
feature_0087,float,,Feature 87 of the smiles transformer
feature_0088,float,,Feature 88 of the smiles transformer
feature_0089,float,,Feature 89 of the smiles transformer
feature_0090,float,,Feature 90 of the smiles transformer
feature_0091,float,,Feature 91 of the smiles transformer
feature_0092,float,,Feature 92 of the smiles transformer
feature_0093,float,,Feature 93 of the smiles transformer
feature_0094,float,,Feature 94 of the smiles transformer
feature_0095,float,,Feature 95 of the smiles transformer
feature_0096,float,,Feature 96 of the smiles transformer
feature_0097,float,,Feature 97 of the smiles transformer
feature_0098,float,,Feature 98 of the smiles transformer
feature_0099,float,,Feature 99 of the smiles transformer
feature_0100,float,,Feature 100 of the smiles transformer
feature_0101,float,,Feature 101 of the smiles transformer
feature_0102,float,,Feature 102 of the smiles transformer
feature_0103,float,,Feature 103 of the smiles transformer
feature_0104,float,,Feature 104 of the smiles transformer
feature_0105,float,,Feature 105 of the smiles transformer
feature_0106,float,,Feature 106 of the smiles transformer
feature_0107,float,,Feature 107 of the smiles transformer
feature_0108,float,,Feature 108 of the smiles transformer
feature_0109,float,,Feature 109 of the smiles transformer
feature_0110,float,,Feature 110 of the smiles transformer
feature_0111,float,,Feature 111 of the smiles transformer
feature_0112,float,,Feature 112 of the smiles transformer
feature_0113,float,,Feature 113 of the smiles transformer
feature_0114,float,,Feature 114 of the smiles transformer
feature_0115,float,,Feature 115 of the smiles transformer
feature_0116,float,,Feature 116 of the smiles transformer
feature_0117,float,,Feature 117 of the smiles transformer
feature_0118,float,,Feature 118 of the smiles transformer
feature_0119,float,,Feature 119 of the smiles transformer
feature_0120,float,,Feature 120 of the smiles transformer
feature_0121,float,,Feature 121 of the smiles transformer
feature_0122,float,,Feature 122 of the smiles transformer
feature_0123,float,,Feature 123 of the smiles transformer
feature_0124,float,,Feature 124 of the smiles transformer
feature_0125,float,,Feature 125 of the smiles transformer
feature_0126,float,,Feature 126 of the smiles transformer
feature_0127,float,,Feature 127 of the smiles transformer
feature_0128,float,,Feature 128 of the smiles transformer
feature_0129,float,,Feature 129 of the smiles transformer
feature_0130,float,,Feature 130 of the smiles transformer
feature_0131,float,,Feature 131 of the smiles transformer
feature_0132,float,,Feature 132 of the smiles transformer
feature_0133,float,,Feature 133 of the smiles transformer
feature_0134,float,,Feature 134 of the smiles transformer
feature_0135,float,,Feature 135 of the smiles transformer
feature_0136,float,,Feature 136 of the smiles transformer
feature_0137,float,,Feature 137 of the smiles transformer
feature_0138,float,,Feature 138 of the smiles transformer
feature_0139,float,,Feature 139 of the smiles transformer
feature_0140,float,,Feature 140 of the smiles transformer
feature_0141,float,,Feature 141 of the smiles transformer
feature_0142,float,,Feature 142 of the smiles transformer
feature_0143,float,,Feature 143 of the smiles transformer
feature_0144,float,,Feature 144 of the smiles transformer
feature_0145,float,,Feature 145 of the smiles transformer
feature_0146,float,,Feature 146 of the smiles transformer
feature_0147,float,,Feature 147 of the smiles transformer
feature_0148,float,,Feature 148 of the smiles transformer
feature_0149,float,,Feature 149 of the smiles transformer
feature_0150,float,,Feature 150 of the smiles transformer
feature_0151,float,,Feature 151 of the smiles transformer
feature_0152,float,,Feature 152 of the smiles transformer
feature_0153,float,,Feature 153 of the smiles transformer
feature_0154,float,,Feature 154 of the smiles transformer
feature_0155,float,,Feature 155 of the smiles transformer
feature_0156,float,,Feature 156 of the smiles transformer
feature_0157,float,,Feature 157 of the smiles transformer
feature_0158,float,,Feature 158 of the smiles transformer
feature_0159,float,,Feature 159 of the smiles transformer
feature_0160,float,,Feature 160 of the smiles transformer
feature_0161,float,,Feature 161 of the smiles transformer
feature_0162,float,,Feature 162 of the smiles transformer
feature_0163,float,,Feature 163 of the smiles transformer
feature_0164,float,,Feature 164 of the smiles transformer
feature_0165,float,,Feature 165 of the smiles transformer
feature_0166,float,,Feature 166 of the smiles transformer
feature_0167,float,,Feature 167 of the smiles transformer
feature_0168,float,,Feature 168 of the smiles transformer
feature_0169,float,,Feature 169 of the smiles transformer
feature_0170,float,,Feature 170 of the smiles transformer
feature_0171,float,,Feature 171 of the smiles transformer
feature_0172,float,,Feature 172 of the smiles transformer
feature_0173,float,,Feature 173 of the smiles transformer
feature_0174,float,,Feature 174 of the smiles transformer
feature_0175,float,,Feature 175 of the smiles transformer
feature_0176,float,,Feature 176 of the smiles transformer
feature_0177,float,,Feature 177 of the smiles transformer
feature_0178,float,,Feature 178 of the smiles transformer
feature_0179,float,,Feature 179 of the smiles transformer
feature_0180,float,,Feature 180 of the smiles transformer
feature_0181,float,,Feature 181 of the smiles transformer
feature_0182,float,,Feature 182 of the smiles transformer
feature_0183,float,,Feature 183 of the smiles transformer
feature_0184,float,,Feature 184 of the smiles transformer
feature_0185,float,,Feature 185 of the smiles transformer
feature_0186,float,,Feature 186 of the smiles transformer
feature_0187,float,,Feature 187 of the smiles transformer
feature_0188,float,,Feature 188 of the smiles transformer
feature_0189,float,,Feature 189 of the smiles transformer
feature_0190,float,,Feature 190 of the smiles transformer
feature_0191,float,,Feature 191 of the smiles transformer
feature_0192,float,,Feature 192 of the smiles transformer
feature_0193,float,,Feature 193 of the smiles transformer
feature_0194,float,,Feature 194 of the smiles transformer
feature_0195,float,,Feature 195 of the smiles transformer
feature_0196,float,,Feature 196 of the smiles transformer
feature_0197,float,,Feature 197 of the smiles transformer
feature_0198,float,,Feature 198 of the smiles transformer
feature_0199,float,,Feature 199 of the smiles transformer
feature_0200,float,,Feature 200 of the smiles transformer
feature_0201,float,,Feature 201 of the smiles transformer
feature_0202,float,,Feature 202 of the smiles transformer
feature_0203,float,,Feature 203 of the smiles transformer
feature_0204,float,,Feature 204 of the smiles transformer
feature_0205,float,,Feature 205 of the smiles transformer
feature_0206,float,,Feature 206 of the smiles transformer
feature_0207,float,,Feature 207 of the smiles transformer
feature_0208,float,,Feature 208 of the smiles transformer
feature_0209,float,,Feature 209 of the smiles transformer
feature_0210,float,,Feature 210 of the smiles transformer
feature_0211,float,,Feature 211 of the smiles transformer
feature_0212,float,,Feature 212 of the smiles transformer
feature_0213,float,,Feature 213 of the smiles transformer
feature_0214,float,,Feature 214 of the smiles transformer
feature_0215,float,,Feature 215 of the smiles transformer
feature_0216,float,,Feature 216 of the smiles transformer
feature_0217,float,,Feature 217 of the smiles transformer
feature_0218,float,,Feature 218 of the smiles transformer
feature_0219,float,,Feature 219 of the smiles transformer
feature_0220,float,,Feature 220 of the smiles transformer
feature_0221,float,,Feature 221 of the smiles transformer
feature_0222,float,,Feature 222 of the smiles transformer
feature_0223,float,,Feature 223 of the smiles transformer
feature_0224,float,,Feature 224 of the smiles transformer
feature_0225,float,,Feature 225 of the smiles transformer
feature_0226,float,,Feature 226 of the smiles transformer
feature_0227,float,,Feature 227 of the smiles transformer
feature_0228,float,,Feature 228 of the smiles transformer
feature_0229,float,,Feature 229 of the smiles transformer
feature_0230,float,,Feature 230 of the smiles transformer
feature_0231,float,,Feature 231 of the smiles transformer
feature_0232,float,,Feature 232 of the smiles transformer
feature_0233,float,,Feature 233 of the smiles transformer
feature_0234,float,,Feature 234 of the smiles transformer
feature_0235,float,,Feature 235 of the smiles transformer
feature_0236,float,,Feature 236 of the smiles transformer
feature_0237,float,,Feature 237 of the smiles transformer
feature_0238,float,,Feature 238 of the smiles transformer
feature_0239,float,,Feature 239 of the smiles transformer
feature_0240,float,,Feature 240 of the smiles transformer
feature_0241,float,,Feature 241 of the smiles transformer
feature_0242,float,,Feature 242 of the smiles transformer
feature_0243,float,,Feature 243 of the smiles transformer
feature_0244,float,,Feature 244 of the smiles transformer
feature_0245,float,,Feature 245 of the smiles transformer
feature_0246,float,,Feature 246 of the smiles transformer
feature_0247,float,,Feature 247 of the smiles transformer
feature_0248,float,,Feature 248 of the smiles transformer
feature_0249,float,,Feature 249 of the smiles transformer
feature_0250,float,,Feature 250 of the smiles transformer
feature_0251,float,,Feature 251 of the smiles transformer
feature_0252,float,,Feature 252 of the smiles transformer
feature_0253,float,,Feature 253 of the smiles transformer
feature_0254,float,,Feature 254 of the smiles transformer
feature_0255,float,,Feature 255 of the smiles transformer
feature_0256,float,,Feature 256 of the smiles transformer
feature_0257,float,,Feature 257 of the smiles transformer
feature_0258,float,,Feature 258 of the smiles transformer
feature_0259,float,,Feature 259 of the smiles transformer
feature_0260,float,,Feature 260 of the smiles transformer
feature_0261,float,,Feature 261 of the smiles transformer
feature_0262,float,,Feature 262 of the smiles transformer
feature_0263,float,,Feature 263 of the smiles transformer
feature_0264,float,,Feature 264 of the smiles transformer
feature_0265,float,,Feature 265 of the smiles transformer
feature_0266,float,,Feature 266 of the smiles transformer
feature_0267,float,,Feature 267 of the smiles transformer
feature_0268,float,,Feature 268 of the smiles transformer
feature_0269,float,,Feature 269 of the smiles transformer
feature_0270,float,,Feature 270 of the smiles transformer
feature_0271,float,,Feature 271 of the smiles transformer
feature_0272,float,,Feature 272 of the smiles transformer
feature_0273,float,,Feature 273 of the smiles transformer
feature_0274,float,,Feature 274 of the smiles transformer
feature_0275,float,,Feature 275 of the smiles transformer
feature_0276,float,,Feature 276 of the smiles transformer
feature_0277,float,,Feature 277 of the smiles transformer
feature_0278,float,,Feature 278 of the smiles transformer
feature_0279,float,,Feature 279 of the smiles transformer
feature_0280,float,,Feature 280 of the smiles transformer
feature_0281,float,,Feature 281 of the smiles transformer
feature_0282,float,,Feature 282 of the smiles transformer
feature_0283,float,,Feature 283 of the smiles transformer
feature_0284,float,,Feature 284 of the smiles transformer
feature_0285,float,,Feature 285 of the smiles transformer
feature_0286,float,,Feature 286 of the smiles transformer
feature_0287,float,,Feature 287 of the smiles transformer
feature_0288,float,,Feature 288 of the smiles transformer
feature_0289,float,,Feature 289 of the smiles transformer
feature_0290,float,,Feature 290 of the smiles transformer
feature_0291,float,,Feature 291 of the smiles transformer
feature_0292,float,,Feature 292 of the smiles transformer
feature_0293,float,,Feature 293 of the smiles transformer
feature_0294,float,,Feature 294 of the smiles transformer
feature_0295,float,,Feature 295 of the smiles transformer
feature_0296,float,,Feature 296 of the smiles transformer
feature_0297,float,,Feature 297 of the smiles transformer
feature_0298,float,,Feature 298 of the smiles transformer
feature_0299,float,,Feature 299 of the smiles transformer
feature_0300,float,,Feature 300 of the smiles transformer
feature_0301,float,,Feature 301 of the smiles transformer
feature_0302,float,,Feature 302 of the smiles transformer
feature_0303,float,,Feature 303 of the smiles transformer
feature_0304,float,,Feature 304 of the smiles transformer
feature_0305,float,,Feature 305 of the smiles transformer
feature_0306,float,,Feature 306 of the smiles transformer
feature_0307,float,,Feature 307 of the smiles transformer
feature_0308,float,,Feature 308 of the smiles transformer
feature_0309,float,,Feature 309 of the smiles transformer
feature_0310,float,,Feature 310 of the smiles transformer
feature_0311,float,,Feature 311 of the smiles transformer
feature_0312,float,,Feature 312 of the smiles transformer
feature_0313,float,,Feature 313 of the smiles transformer
feature_0314,float,,Feature 314 of the smiles transformer
feature_0315,float,,Feature 315 of the smiles transformer
feature_0316,float,,Feature 316 of the smiles transformer
feature_0317,float,,Feature 317 of the smiles transformer
feature_0318,float,,Feature 318 of the smiles transformer
feature_0319,float,,Feature 319 of the smiles transformer
feature_0320,float,,Feature 320 of the smiles transformer
feature_0321,float,,Feature 321 of the smiles transformer
feature_0322,float,,Feature 322 of the smiles transformer
feature_0323,float,,Feature 323 of the smiles transformer
feature_0324,float,,Feature 324 of the smiles transformer
feature_0325,float,,Feature 325 of the smiles transformer
feature_0326,float,,Feature 326 of the smiles transformer
feature_0327,float,,Feature 327 of the smiles transformer
feature_0328,float,,Feature 328 of the smiles transformer
feature_0329,float,,Feature 329 of the smiles transformer
feature_0330,float,,Feature 330 of the smiles transformer
feature_0331,float,,Feature 331 of the smiles transformer
feature_0332,float,,Feature 332 of the smiles transformer
feature_0333,float,,Feature 333 of the smiles transformer
feature_0334,float,,Feature 334 of the smiles transformer
feature_0335,float,,Feature 335 of the smiles transformer
feature_0336,float,,Feature 336 of the smiles transformer
feature_0337,float,,Feature 337 of the smiles transformer
feature_0338,float,,Feature 338 of the smiles transformer
feature_0339,float,,Feature 339 of the smiles transformer
feature_0340,float,,Feature 340 of the smiles transformer
feature_0341,float,,Feature 341 of the smiles transformer
feature_0342,float,,Feature 342 of the smiles transformer
feature_0343,float,,Feature 343 of the smiles transformer
feature_0344,float,,Feature 344 of the smiles transformer
feature_0345,float,,Feature 345 of the smiles transformer
feature_0346,float,,Feature 346 of the smiles transformer
feature_0347,float,,Feature 347 of the smiles transformer
feature_0348,float,,Feature 348 of the smiles transformer
feature_0349,float,,Feature 349 of the smiles transformer
feature_0350,float,,Feature 350 of the smiles transformer
feature_0351,float,,Feature 351 of the smiles transformer
feature_0352,float,,Feature 352 of the smiles transformer
feature_0353,float,,Feature 353 of the smiles transformer
feature_0354,float,,Feature 354 of the smiles transformer
feature_0355,float,,Feature 355 of the smiles transformer
feature_0356,float,,Feature 356 of the smiles transformer
feature_0357,float,,Feature 357 of the smiles transformer
feature_0358,float,,Feature 358 of the smiles transformer
feature_0359,float,,Feature 359 of the smiles transformer
feature_0360,float,,Feature 360 of the smiles transformer
feature_0361,float,,Feature 361 of the smiles transformer
feature_0362,float,,Feature 362 of the smiles transformer
feature_0363,float,,Feature 363 of the smiles transformer
feature_0364,float,,Feature 364 of the smiles transformer
feature_0365,float,,Feature 365 of the smiles transformer
feature_0366,float,,Feature 366 of the smiles transformer
feature_0367,float,,Feature 367 of the smiles transformer
feature_0368,float,,Feature 368 of the smiles transformer
feature_0369,float,,Feature 369 of the smiles transformer
feature_0370,float,,Feature 370 of the smiles transformer
feature_0371,float,,Feature 371 of the smiles transformer
feature_0372,float,,Feature 372 of the smiles transformer
feature_0373,float,,Feature 373 of the smiles transformer
feature_0374,float,,Feature 374 of the smiles transformer
feature_0375,float,,Feature 375 of the smiles transformer
feature_0376,float,,Feature 376 of the smiles transformer
feature_0377,float,,Feature 377 of the smiles transformer
feature_0378,float,,Feature 378 of the smiles transformer
feature_0379,float,,Feature 379 of the smiles transformer
feature_0380,float,,Feature 380 of the smiles transformer
feature_0381,float,,Feature 381 of the smiles transformer
feature_0382,float,,Feature 382 of the smiles transformer
feature_0383,float,,Feature 383 of the smiles transformer
feature_0384,float,,Feature 384 of the smiles transformer
feature_0385,float,,Feature 385 of the smiles transformer
feature_0386,float,,Feature 386 of the smiles transformer
feature_0387,float,,Feature 387 of the smiles transformer
feature_0388,float,,Feature 388 of the smiles transformer
feature_0389,float,,Feature 389 of the smiles transformer
feature_0390,float,,Feature 390 of the smiles transformer
feature_0391,float,,Feature 391 of the smiles transformer
feature_0392,float,,Feature 392 of the smiles transformer
feature_0393,float,,Feature 393 of the smiles transformer
feature_0394,float,,Feature 394 of the smiles transformer
feature_0395,float,,Feature 395 of the smiles transformer
feature_0396,float,,Feature 396 of the smiles transformer
feature_0397,float,,Feature 397 of the smiles transformer
feature_0398,float,,Feature 398 of the smiles transformer
feature_0399,float,,Feature 399 of the smiles transformer
feature_0400,float,,Feature 400 of the smiles transformer
feature_0401,float,,Feature 401 of the smiles transformer
feature_0402,float,,Feature 402 of the smiles transformer
feature_0403,float,,Feature 403 of the smiles transformer
feature_0404,float,,Feature 404 of the smiles transformer
feature_0405,float,,Feature 405 of the smiles transformer
feature_0406,float,,Feature 406 of the smiles transformer
feature_0407,float,,Feature 407 of the smiles transformer
feature_0408,float,,Feature 408 of the smiles transformer
feature_0409,float,,Feature 409 of the smiles transformer
feature_0410,float,,Feature 410 of the smiles transformer
feature_0411,float,,Feature 411 of the smiles transformer
feature_0412,float,,Feature 412 of the smiles transformer
feature_0413,float,,Feature 413 of the smiles transformer
feature_0414,float,,Feature 414 of the smiles transformer
feature_0415,float,,Feature 415 of the smiles transformer
feature_0416,float,,Feature 416 of the smiles transformer
feature_0417,float,,Feature 417 of the smiles transformer
feature_0418,float,,Feature 418 of the smiles transformer
feature_0419,float,,Feature 419 of the smiles transformer
feature_0420,float,,Feature 420 of the smiles transformer
feature_0421,float,,Feature 421 of the smiles transformer
feature_0422,float,,Feature 422 of the smiles transformer
feature_0423,float,,Feature 423 of the smiles transformer
feature_0424,float,,Feature 424 of the smiles transformer
feature_0425,float,,Feature 425 of the smiles transformer
feature_0426,float,,Feature 426 of the smiles transformer
feature_0427,float,,Feature 427 of the smiles transformer
feature_0428,float,,Feature 428 of the smiles transformer
feature_0429,float,,Feature 429 of the smiles transformer
feature_0430,float,,Feature 430 of the smiles transformer
feature_0431,float,,Feature 431 of the smiles transformer
feature_0432,float,,Feature 432 of the smiles transformer
feature_0433,float,,Feature 433 of the smiles transformer
feature_0434,float,,Feature 434 of the smiles transformer
feature_0435,float,,Feature 435 of the smiles transformer
feature_0436,float,,Feature 436 of the smiles transformer
feature_0437,float,,Feature 437 of the smiles transformer
feature_0438,float,,Feature 438 of the smiles transformer
feature_0439,float,,Feature 439 of the smiles transformer
feature_0440,float,,Feature 440 of the smiles transformer
feature_0441,float,,Feature 441 of the smiles transformer
feature_0442,float,,Feature 442 of the smiles transformer
feature_0443,float,,Feature 443 of the smiles transformer
feature_0444,float,,Feature 444 of the smiles transformer
feature_0445,float,,Feature 445 of the smiles transformer
feature_0446,float,,Feature 446 of the smiles transformer
feature_0447,float,,Feature 447 of the smiles transformer
feature_0448,float,,Feature 448 of the smiles transformer
feature_0449,float,,Feature 449 of the smiles transformer
feature_0450,float,,Feature 450 of the smiles transformer
feature_0451,float,,Feature 451 of the smiles transformer
feature_0452,float,,Feature 452 of the smiles transformer
feature_0453,float,,Feature 453 of the smiles transformer
feature_0454,float,,Feature 454 of the smiles transformer
feature_0455,float,,Feature 455 of the smiles transformer
feature_0456,float,,Feature 456 of the smiles transformer
feature_0457,float,,Feature 457 of the smiles transformer
feature_0458,float,,Feature 458 of the smiles transformer
feature_0459,float,,Feature 459 of the smiles transformer
feature_0460,float,,Feature 460 of the smiles transformer
feature_0461,float,,Feature 461 of the smiles transformer
feature_0462,float,,Feature 462 of the smiles transformer
feature_0463,float,,Feature 463 of the smiles transformer
feature_0464,float,,Feature 464 of the smiles transformer
feature_0465,float,,Feature 465 of the smiles transformer
feature_0466,float,,Feature 466 of the smiles transformer
feature_0467,float,,Feature 467 of the smiles transformer
feature_0468,float,,Feature 468 of the smiles transformer
feature_0469,float,,Feature 469 of the smiles transformer
feature_0470,float,,Feature 470 of the smiles transformer
feature_0471,float,,Feature 471 of the smiles transformer
feature_0472,float,,Feature 472 of the smiles transformer
feature_0473,float,,Feature 473 of the smiles transformer
feature_0474,float,,Feature 474 of the smiles transformer
feature_0475,float,,Feature 475 of the smiles transformer
feature_0476,float,,Feature 476 of the smiles transformer
feature_0477,float,,Feature 477 of the smiles transformer
feature_0478,float,,Feature 478 of the smiles transformer
feature_0479,float,,Feature 479 of the smiles transformer
feature_0480,float,,Feature 480 of the smiles transformer
feature_0481,float,,Feature 481 of the smiles transformer
feature_0482,float,,Feature 482 of the smiles transformer
feature_0483,float,,Feature 483 of the smiles transformer
feature_0484,float,,Feature 484 of the smiles transformer
feature_0485,float,,Feature 485 of the smiles transformer
feature_0486,float,,Feature 486 of the smiles transformer
feature_0487,float,,Feature 487 of the smiles transformer
feature_0488,float,,Feature 488 of the smiles transformer
feature_0489,float,,Feature 489 of the smiles transformer
feature_0490,float,,Feature 490 of the smiles transformer
feature_0491,float,,Feature 491 of the smiles transformer
feature_0492,float,,Feature 492 of the smiles transformer
feature_0493,float,,Feature 493 of the smiles transformer
feature_0494,float,,Feature 494 of the smiles transformer
feature_0495,float,,Feature 495 of the smiles transformer
feature_0496,float,,Feature 496 of the smiles transformer
feature_0497,float,,Feature 497 of the smiles transformer
feature_0498,float,,Feature 498 of the smiles transformer
feature_0499,float,,Feature 499 of the smiles transformer
feature_0500,float,,Feature 500 of the smiles transformer
feature_0501,float,,Feature 501 of the smiles transformer
feature_0502,float,,Feature 502 of the smiles transformer
feature_0503,float,,Feature 503 of the smiles transformer
feature_0504,float,,Feature 504 of the smiles transformer
feature_0505,float,,Feature 505 of the smiles transformer
feature_0506,float,,Feature 506 of the smiles transformer
feature_0507,float,,Feature 507 of the smiles transformer
feature_0508,float,,Feature 508 of the smiles transformer
feature_0509,float,,Feature 509 of the smiles transformer
feature_0510,float,,Feature 510 of the smiles transformer
feature_0511,float,,Feature 511 of the smiles transformer
feature_0512,float,,Feature 512 of the smiles transformer
feature_0513,float,,Feature 513 of the smiles transformer
feature_0514,float,,Feature 514 of the smiles transformer
feature_0515,float,,Feature 515 of the smiles transformer
feature_0516,float,,Feature 516 of the smiles transformer
feature_0517,float,,Feature 517 of the smiles transformer
feature_0518,float,,Feature 518 of the smiles transformer
feature_0519,float,,Feature 519 of the smiles transformer
feature_0520,float,,Feature 520 of the smiles transformer
feature_0521,float,,Feature 521 of the smiles transformer
feature_0522,float,,Feature 522 of the smiles transformer
feature_0523,float,,Feature 523 of the smiles transformer
feature_0524,float,,Feature 524 of the smiles transformer
feature_0525,float,,Feature 525 of the smiles transformer
feature_0526,float,,Feature 526 of the smiles transformer
feature_0527,float,,Feature 527 of the smiles transformer
feature_0528,float,,Feature 528 of the smiles transformer
feature_0529,float,,Feature 529 of the smiles transformer
feature_0530,float,,Feature 530 of the smiles transformer
feature_0531,float,,Feature 531 of the smiles transformer
feature_0532,float,,Feature 532 of the smiles transformer
feature_0533,float,,Feature 533 of the smiles transformer
feature_0534,float,,Feature 534 of the smiles transformer
feature_0535,float,,Feature 535 of the smiles transformer
feature_0536,float,,Feature 536 of the smiles transformer
feature_0537,float,,Feature 537 of the smiles transformer
feature_0538,float,,Feature 538 of the smiles transformer
feature_0539,float,,Feature 539 of the smiles transformer
feature_0540,float,,Feature 540 of the smiles transformer
feature_0541,float,,Feature 541 of the smiles transformer
feature_0542,float,,Feature 542 of the smiles transformer
feature_0543,float,,Feature 543 of the smiles transformer
feature_0544,float,,Feature 544 of the smiles transformer
feature_0545,float,,Feature 545 of the smiles transformer
feature_0546,float,,Feature 546 of the smiles transformer
feature_0547,float,,Feature 547 of the smiles transformer
feature_0548,float,,Feature 548 of the smiles transformer
feature_0549,float,,Feature 549 of the smiles transformer
feature_0550,float,,Feature 550 of the smiles transformer
feature_0551,float,,Feature 551 of the smiles transformer
feature_0552,float,,Feature 552 of the smiles transformer
feature_0553,float,,Feature 553 of the smiles transformer
feature_0554,float,,Feature 554 of the smiles transformer
feature_0555,float,,Feature 555 of the smiles transformer
feature_0556,float,,Feature 556 of the smiles transformer
feature_0557,float,,Feature 557 of the smiles transformer
feature_0558,float,,Feature 558 of the smiles transformer
feature_0559,float,,Feature 559 of the smiles transformer
feature_0560,float,,Feature 560 of the smiles transformer
feature_0561,float,,Feature 561 of the smiles transformer
feature_0562,float,,Feature 562 of the smiles transformer
feature_0563,float,,Feature 563 of the smiles transformer
feature_0564,float,,Feature 564 of the smiles transformer
feature_0565,float,,Feature 565 of the smiles transformer
feature_0566,float,,Feature 566 of the smiles transformer
feature_0567,float,,Feature 567 of the smiles transformer
feature_0568,float,,Feature 568 of the smiles transformer
feature_0569,float,,Feature 569 of the smiles transformer
feature_0570,float,,Feature 570 of the smiles transformer
feature_0571,float,,Feature 571 of the smiles transformer
feature_0572,float,,Feature 572 of the smiles transformer
feature_0573,float,,Feature 573 of the smiles transformer
feature_0574,float,,Feature 574 of the smiles transformer
feature_0575,float,,Feature 575 of the smiles transformer
feature_0576,float,,Feature 576 of the smiles transformer
feature_0577,float,,Feature 577 of the smiles transformer
feature_0578,float,,Feature 578 of the smiles transformer
feature_0579,float,,Feature 579 of the smiles transformer
feature_0580,float,,Feature 580 of the smiles transformer
feature_0581,float,,Feature 581 of the smiles transformer
feature_0582,float,,Feature 582 of the smiles transformer
feature_0583,float,,Feature 583 of the smiles transformer
feature_0584,float,,Feature 584 of the smiles transformer
feature_0585,float,,Feature 585 of the smiles transformer
feature_0586,float,,Feature 586 of the smiles transformer
feature_0587,float,,Feature 587 of the smiles transformer
feature_0588,float,,Feature 588 of the smiles transformer
feature_0589,float,,Feature 589 of the smiles transformer
feature_0590,float,,Feature 590 of the smiles transformer
feature_0591,float,,Feature 591 of the smiles transformer
feature_0592,float,,Feature 592 of the smiles transformer
feature_0593,float,,Feature 593 of the smiles transformer
feature_0594,float,,Feature 594 of the smiles transformer
feature_0595,float,,Feature 595 of the smiles transformer
feature_0596,float,,Feature 596 of the smiles transformer
feature_0597,float,,Feature 597 of the smiles transformer
feature_0598,float,,Feature 598 of the smiles transformer
feature_0599,float,,Feature 599 of the smiles transformer
feature_0600,float,,Feature 600 of the smiles transformer
feature_0601,float,,Feature 601 of the smiles transformer
feature_0602,float,,Feature 602 of the smiles transformer
feature_0603,float,,Feature 603 of the smiles transformer
feature_0604,float,,Feature 604 of the smiles transformer
feature_0605,float,,Feature 605 of the smiles transformer
feature_0606,float,,Feature 606 of the smiles transformer
feature_0607,float,,Feature 607 of the smiles transformer
feature_0608,float,,Feature 608 of the smiles transformer
feature_0609,float,,Feature 609 of the smiles transformer
feature_0610,float,,Feature 610 of the smiles transformer
feature_0611,float,,Feature 611 of the smiles transformer
feature_0612,float,,Feature 612 of the smiles transformer
feature_0613,float,,Feature 613 of the smiles transformer
feature_0614,float,,Feature 614 of the smiles transformer
feature_0615,float,,Feature 615 of the smiles transformer
feature_0616,float,,Feature 616 of the smiles transformer
feature_0617,float,,Feature 617 of the smiles transformer
feature_0618,float,,Feature 618 of the smiles transformer
feature_0619,float,,Feature 619 of the smiles transformer
feature_0620,float,,Feature 620 of the smiles transformer
feature_0621,float,,Feature 621 of the smiles transformer
feature_0622,float,,Feature 622 of the smiles transformer
feature_0623,float,,Feature 623 of the smiles transformer
feature_0624,float,,Feature 624 of the smiles transformer
feature_0625,float,,Feature 625 of the smiles transformer
feature_0626,float,,Feature 626 of the smiles transformer
feature_0627,float,,Feature 627 of the smiles transformer
feature_0628,float,,Feature 628 of the smiles transformer
feature_0629,float,,Feature 629 of the smiles transformer
feature_0630,float,,Feature 630 of the smiles transformer
feature_0631,float,,Feature 631 of the smiles transformer
feature_0632,float,,Feature 632 of the smiles transformer
feature_0633,float,,Feature 633 of the smiles transformer
feature_0634,float,,Feature 634 of the smiles transformer
feature_0635,float,,Feature 635 of the smiles transformer
feature_0636,float,,Feature 636 of the smiles transformer
feature_0637,float,,Feature 637 of the smiles transformer
feature_0638,float,,Feature 638 of the smiles transformer
feature_0639,float,,Feature 639 of the smiles transformer
feature_0640,float,,Feature 640 of the smiles transformer
feature_0641,float,,Feature 641 of the smiles transformer
feature_0642,float,,Feature 642 of the smiles transformer
feature_0643,float,,Feature 643 of the smiles transformer
feature_0644,float,,Feature 644 of the smiles transformer
feature_0645,float,,Feature 645 of the smiles transformer
feature_0646,float,,Feature 646 of the smiles transformer
feature_0647,float,,Feature 647 of the smiles transformer
feature_0648,float,,Feature 648 of the smiles transformer
feature_0649,float,,Feature 649 of the smiles transformer
feature_0650,float,,Feature 650 of the smiles transformer
feature_0651,float,,Feature 651 of the smiles transformer
feature_0652,float,,Feature 652 of the smiles transformer
feature_0653,float,,Feature 653 of the smiles transformer
feature_0654,float,,Feature 654 of the smiles transformer
feature_0655,float,,Feature 655 of the smiles transformer
feature_0656,float,,Feature 656 of the smiles transformer
feature_0657,float,,Feature 657 of the smiles transformer
feature_0658,float,,Feature 658 of the smiles transformer
feature_0659,float,,Feature 659 of the smiles transformer
feature_0660,float,,Feature 660 of the smiles transformer
feature_0661,float,,Feature 661 of the smiles transformer
feature_0662,float,,Feature 662 of the smiles transformer
feature_0663,float,,Feature 663 of the smiles transformer
feature_0664,float,,Feature 664 of the smiles transformer
feature_0665,float,,Feature 665 of the smiles transformer
feature_0666,float,,Feature 666 of the smiles transformer
feature_0667,float,,Feature 667 of the smiles transformer
feature_0668,float,,Feature 668 of the smiles transformer
feature_0669,float,,Feature 669 of the smiles transformer
feature_0670,float,,Feature 670 of the smiles transformer
feature_0671,float,,Feature 671 of the smiles transformer
feature_0672,float,,Feature 672 of the smiles transformer
feature_0673,float,,Feature 673 of the smiles transformer
feature_0674,float,,Feature 674 of the smiles transformer
feature_0675,float,,Feature 675 of the smiles transformer
feature_0676,float,,Feature 676 of the smiles transformer
feature_0677,float,,Feature 677 of the smiles transformer
feature_0678,float,,Feature 678 of the smiles transformer
feature_0679,float,,Feature 679 of the smiles transformer
feature_0680,float,,Feature 680 of the smiles transformer
feature_0681,float,,Feature 681 of the smiles transformer
feature_0682,float,,Feature 682 of the smiles transformer
feature_0683,float,,Feature 683 of the smiles transformer
feature_0684,float,,Feature 684 of the smiles transformer
feature_0685,float,,Feature 685 of the smiles transformer
feature_0686,float,,Feature 686 of the smiles transformer
feature_0687,float,,Feature 687 of the smiles transformer
feature_0688,float,,Feature 688 of the smiles transformer
feature_0689,float,,Feature 689 of the smiles transformer
feature_0690,float,,Feature 690 of the smiles transformer
feature_0691,float,,Feature 691 of the smiles transformer
feature_0692,float,,Feature 692 of the smiles transformer
feature_0693,float,,Feature 693 of the smiles transformer
feature_0694,float,,Feature 694 of the smiles transformer
feature_0695,float,,Feature 695 of the smiles transformer
feature_0696,float,,Feature 696 of the smiles transformer
feature_0697,float,,Feature 697 of the smiles transformer
feature_0698,float,,Feature 698 of the smiles transformer
feature_0699,float,,Feature 699 of the smiles transformer
feature_0700,float,,Feature 700 of the smiles transformer
feature_0701,float,,Feature 701 of the smiles transformer
feature_0702,float,,Feature 702 of the smiles transformer
feature_0703,float,,Feature 703 of the smiles transformer
feature_0704,float,,Feature 704 of the smiles transformer
feature_0705,float,,Feature 705 of the smiles transformer
feature_0706,float,,Feature 706 of the smiles transformer
feature_0707,float,,Feature 707 of the smiles transformer
feature_0708,float,,Feature 708 of the smiles transformer
feature_0709,float,,Feature 709 of the smiles transformer
feature_0710,float,,Feature 710 of the smiles transformer
feature_0711,float,,Feature 711 of the smiles transformer
feature_0712,float,,Feature 712 of the smiles transformer
feature_0713,float,,Feature 713 of the smiles transformer
feature_0714,float,,Feature 714 of the smiles transformer
feature_0715,float,,Feature 715 of the smiles transformer
feature_0716,float,,Feature 716 of the smiles transformer
feature_0717,float,,Feature 717 of the smiles transformer
feature_0718,float,,Feature 718 of the smiles transformer
feature_0719,float,,Feature 719 of the smiles transformer
feature_0720,float,,Feature 720 of the smiles transformer
feature_0721,float,,Feature 721 of the smiles transformer
feature_0722,float,,Feature 722 of the smiles transformer
feature_0723,float,,Feature 723 of the smiles transformer
feature_0724,float,,Feature 724 of the smiles transformer
feature_0725,float,,Feature 725 of the smiles transformer
feature_0726,float,,Feature 726 of the smiles transformer
feature_0727,float,,Feature 727 of the smiles transformer
feature_0728,float,,Feature 728 of the smiles transformer
feature_0729,float,,Feature 729 of the smiles transformer
feature_0730,float,,Feature 730 of the smiles transformer
feature_0731,float,,Feature 731 of the smiles transformer
feature_0732,float,,Feature 732 of the smiles transformer
feature_0733,float,,Feature 733 of the smiles transformer
feature_0734,float,,Feature 734 of the smiles transformer
feature_0735,float,,Feature 735 of the smiles transformer
feature_0736,float,,Feature 736 of the smiles transformer
feature_0737,float,,Feature 737 of the smiles transformer
feature_0738,float,,Feature 738 of the smiles transformer
feature_0739,float,,Feature 739 of the smiles transformer
feature_0740,float,,Feature 740 of the smiles transformer
feature_0741,float,,Feature 741 of the smiles transformer
feature_0742,float,,Feature 742 of the smiles transformer
feature_0743,float,,Feature 743 of the smiles transformer
feature_0744,float,,Feature 744 of the smiles transformer
feature_0745,float,,Feature 745 of the smiles transformer
feature_0746,float,,Feature 746 of the smiles transformer
feature_0747,float,,Feature 747 of the smiles transformer
feature_0748,float,,Feature 748 of the smiles transformer
feature_0749,float,,Feature 749 of the smiles transformer
feature_0750,float,,Feature 750 of the smiles transformer
feature_0751,float,,Feature 751 of the smiles transformer
feature_0752,float,,Feature 752 of the smiles transformer
feature_0753,float,,Feature 753 of the smiles transformer
feature_0754,float,,Feature 754 of the smiles transformer
feature_0755,float,,Feature 755 of the smiles transformer
feature_0756,float,,Feature 756 of the smiles transformer
feature_0757,float,,Feature 757 of the smiles transformer
feature_0758,float,,Feature 758 of the smiles transformer
feature_0759,float,,Feature 759 of the smiles transformer
feature_0760,float,,Feature 760 of the smiles transformer
feature_0761,float,,Feature 761 of the smiles transformer
feature_0762,float,,Feature 762 of the smiles transformer
feature_0763,float,,Feature 763 of the smiles transformer
feature_0764,float,,Feature 764 of the smiles transformer
feature_0765,float,,Feature 765 of the smiles transformer
feature_0766,float,,Feature 766 of the smiles transformer
feature_0767,float,,Feature 767 of the smiles transformer
feature_0768,float,,Feature 768 of the smiles transformer
feature_0769,float,,Feature 769 of the smiles transformer
feature_0770,float,,Feature 770 of the smiles transformer
feature_0771,float,,Feature 771 of the smiles transformer
feature_0772,float,,Feature 772 of the smiles transformer
feature_0773,float,,Feature 773 of the smiles transformer
feature_0774,float,,Feature 774 of the smiles transformer
feature_0775,float,,Feature 775 of the smiles transformer
feature_0776,float,,Feature 776 of the smiles transformer
feature_0777,float,,Feature 777 of the smiles transformer
feature_0778,float,,Feature 778 of the smiles transformer
feature_0779,float,,Feature 779 of the smiles transformer
feature_0780,float,,Feature 780 of the smiles transformer
feature_0781,float,,Feature 781 of the smiles transformer
feature_0782,float,,Feature 782 of the smiles transformer
feature_0783,float,,Feature 783 of the smiles transformer
feature_0784,float,,Feature 784 of the smiles transformer
feature_0785,float,,Feature 785 of the smiles transformer
feature_0786,float,,Feature 786 of the smiles transformer
feature_0787,float,,Feature 787 of the smiles transformer
feature_0788,float,,Feature 788 of the smiles transformer
feature_0789,float,,Feature 789 of the smiles transformer
feature_0790,float,,Feature 790 of the smiles transformer
feature_0791,float,,Feature 791 of the smiles transformer
feature_0792,float,,Feature 792 of the smiles transformer
feature_0793,float,,Feature 793 of the smiles transformer
feature_0794,float,,Feature 794 of the smiles transformer
feature_0795,float,,Feature 795 of the smiles transformer
feature_0796,float,,Feature 796 of the smiles transformer
feature_0797,float,,Feature 797 of the smiles transformer
feature_0798,float,,Feature 798 of the smiles transformer
feature_0799,float,,Feature 799 of the smiles transformer
feature_0800,float,,Feature 800 of the smiles transformer
feature_0801,float,,Feature 801 of the smiles transformer
feature_0802,float,,Feature 802 of the smiles transformer
feature_0803,float,,Feature 803 of the smiles transformer
feature_0804,float,,Feature 804 of the smiles transformer
feature_0805,float,,Feature 805 of the smiles transformer
feature_0806,float,,Feature 806 of the smiles transformer
feature_0807,float,,Feature 807 of the smiles transformer
feature_0808,float,,Feature 808 of the smiles transformer
feature_0809,float,,Feature 809 of the smiles transformer
feature_0810,float,,Feature 810 of the smiles transformer
feature_0811,float,,Feature 811 of the smiles transformer
feature_0812,float,,Feature 812 of the smiles transformer
feature_0813,float,,Feature 813 of the smiles transformer
feature_0814,float,,Feature 814 of the smiles transformer
feature_0815,float,,Feature 815 of the smiles transformer
feature_0816,float,,Feature 816 of the smiles transformer
feature_0817,float,,Feature 817 of the smiles transformer
feature_0818,float,,Feature 818 of the smiles transformer
feature_0819,float,,Feature 819 of the smiles transformer
feature_0820,float,,Feature 820 of the smiles transformer
feature_0821,float,,Feature 821 of the smiles transformer
feature_0822,float,,Feature 822 of the smiles transformer
feature_0823,float,,Feature 823 of the smiles transformer
feature_0824,float,,Feature 824 of the smiles transformer
feature_0825,float,,Feature 825 of the smiles transformer
feature_0826,float,,Feature 826 of the smiles transformer
feature_0827,float,,Feature 827 of the smiles transformer
feature_0828,float,,Feature 828 of the smiles transformer
feature_0829,float,,Feature 829 of the smiles transformer
feature_0830,float,,Feature 830 of the smiles transformer
feature_0831,float,,Feature 831 of the smiles transformer
feature_0832,float,,Feature 832 of the smiles transformer
feature_0833,float,,Feature 833 of the smiles transformer
feature_0834,float,,Feature 834 of the smiles transformer
feature_0835,float,,Feature 835 of the smiles transformer
feature_0836,float,,Feature 836 of the smiles transformer
feature_0837,float,,Feature 837 of the smiles transformer
feature_0838,float,,Feature 838 of the smiles transformer
feature_0839,float,,Feature 839 of the smiles transformer
feature_0840,float,,Feature 840 of the smiles transformer
feature_0841,float,,Feature 841 of the smiles transformer
feature_0842,float,,Feature 842 of the smiles transformer
feature_0843,float,,Feature 843 of the smiles transformer
feature_0844,float,,Feature 844 of the smiles transformer
feature_0845,float,,Feature 845 of the smiles transformer
feature_0846,float,,Feature 846 of the smiles transformer
feature_0847,float,,Feature 847 of the smiles transformer
feature_0848,float,,Feature 848 of the smiles transformer
feature_0849,float,,Feature 849 of the smiles transformer
feature_0850,float,,Feature 850 of the smiles transformer
feature_0851,float,,Feature 851 of the smiles transformer
feature_0852,float,,Feature 852 of the smiles transformer
feature_0853,float,,Feature 853 of the smiles transformer
feature_0854,float,,Feature 854 of the smiles transformer
feature_0855,float,,Feature 855 of the smiles transformer
feature_0856,float,,Feature 856 of the smiles transformer
feature_0857,float,,Feature 857 of the smiles transformer
feature_0858,float,,Feature 858 of the smiles transformer
feature_0859,float,,Feature 859 of the smiles transformer
feature_0860,float,,Feature 860 of the smiles transformer
feature_0861,float,,Feature 861 of the smiles transformer
feature_0862,float,,Feature 862 of the smiles transformer
feature_0863,float,,Feature 863 of the smiles transformer
feature_0864,float,,Feature 864 of the smiles transformer
feature_0865,float,,Feature 865 of the smiles transformer
feature_0866,float,,Feature 866 of the smiles transformer
feature_0867,float,,Feature 867 of the smiles transformer
feature_0868,float,,Feature 868 of the smiles transformer
feature_0869,float,,Feature 869 of the smiles transformer
feature_0870,float,,Feature 870 of the smiles transformer
feature_0871,float,,Feature 871 of the smiles transformer
feature_0872,float,,Feature 872 of the smiles transformer
feature_0873,float,,Feature 873 of the smiles transformer
feature_0874,float,,Feature 874 of the smiles transformer
feature_0875,float,,Feature 875 of the smiles transformer
feature_0876,float,,Feature 876 of the smiles transformer
feature_0877,float,,Feature 877 of the smiles transformer
feature_0878,float,,Feature 878 of the smiles transformer
feature_0879,float,,Feature 879 of the smiles transformer
feature_0880,float,,Feature 880 of the smiles transformer
feature_0881,float,,Feature 881 of the smiles transformer
feature_0882,float,,Feature 882 of the smiles transformer
feature_0883,float,,Feature 883 of the smiles transformer
feature_0884,float,,Feature 884 of the smiles transformer
feature_0885,float,,Feature 885 of the smiles transformer
feature_0886,float,,Feature 886 of the smiles transformer
feature_0887,float,,Feature 887 of the smiles transformer
feature_0888,float,,Feature 888 of the smiles transformer
feature_0889,float,,Feature 889 of the smiles transformer
feature_0890,float,,Feature 890 of the smiles transformer
feature_0891,float,,Feature 891 of the smiles transformer
feature_0892,float,,Feature 892 of the smiles transformer
feature_0893,float,,Feature 893 of the smiles transformer
feature_0894,float,,Feature 894 of the smiles transformer
feature_0895,float,,Feature 895 of the smiles transformer
feature_0896,float,,Feature 896 of the smiles transformer
feature_0897,float,,Feature 897 of the smiles transformer
feature_0898,float,,Feature 898 of the smiles transformer
feature_0899,float,,Feature 899 of the smiles transformer
feature_0900,float,,Feature 900 of the smiles transformer
feature_0901,float,,Feature 901 of the smiles transformer
feature_0902,float,,Feature 902 of the smiles transformer
feature_0903,float,,Feature 903 of the smiles transformer
feature_0904,float,,Feature 904 of the smiles transformer
feature_0905,float,,Feature 905 of the smiles transformer
feature_0906,float,,Feature 906 of the smiles transformer
feature_0907,float,,Feature 907 of the smiles transformer
feature_0908,float,,Feature 908 of the smiles transformer
feature_0909,float,,Feature 909 of the smiles transformer
feature_0910,float,,Feature 910 of the smiles transformer
feature_0911,float,,Feature 911 of the smiles transformer
feature_0912,float,,Feature 912 of the smiles transformer
feature_0913,float,,Feature 913 of the smiles transformer
feature_0914,float,,Feature 914 of the smiles transformer
feature_0915,float,,Feature 915 of the smiles transformer
feature_0916,float,,Feature 916 of the smiles transformer
feature_0917,float,,Feature 917 of the smiles transformer
feature_0918,float,,Feature 918 of the smiles transformer
feature_0919,float,,Feature 919 of the smiles transformer
feature_0920,float,,Feature 920 of the smiles transformer
feature_0921,float,,Feature 921 of the smiles transformer
feature_0922,float,,Feature 922 of the smiles transformer
feature_0923,float,,Feature 923 of the smiles transformer
feature_0924,float,,Feature 924 of the smiles transformer
feature_0925,float,,Feature 925 of the smiles transformer
feature_0926,float,,Feature 926 of the smiles transformer
feature_0927,float,,Feature 927 of the smiles transformer
feature_0928,float,,Feature 928 of the smiles transformer
feature_0929,float,,Feature 929 of the smiles transformer
feature_0930,float,,Feature 930 of the smiles transformer
feature_0931,float,,Feature 931 of the smiles transformer
feature_0932,float,,Feature 932 of the smiles transformer
feature_0933,float,,Feature 933 of the smiles transformer
feature_0934,float,,Feature 934 of the smiles transformer
feature_0935,float,,Feature 935 of the smiles transformer
feature_0936,float,,Feature 936 of the smiles transformer
feature_0937,float,,Feature 937 of the smiles transformer
feature_0938,float,,Feature 938 of the smiles transformer
feature_0939,float,,Feature 939 of the smiles transformer
feature_0940,float,,Feature 940 of the smiles transformer
feature_0941,float,,Feature 941 of the smiles transformer
feature_0942,float,,Feature 942 of the smiles transformer
feature_0943,float,,Feature 943 of the smiles transformer
feature_0944,float,,Feature 944 of the smiles transformer
feature_0945,float,,Feature 945 of the smiles transformer
feature_0946,float,,Feature 946 of the smiles transformer
feature_0947,float,,Feature 947 of the smiles transformer
feature_0948,float,,Feature 948 of the smiles transformer
feature_0949,float,,Feature 949 of the smiles transformer
feature_0950,float,,Feature 950 of the smiles transformer
feature_0951,float,,Feature 951 of the smiles transformer
feature_0952,float,,Feature 952 of the smiles transformer
feature_0953,float,,Feature 953 of the smiles transformer
feature_0954,float,,Feature 954 of the smiles transformer
feature_0955,float,,Feature 955 of the smiles transformer
feature_0956,float,,Feature 956 of the smiles transformer
feature_0957,float,,Feature 957 of the smiles transformer
feature_0958,float,,Feature 958 of the smiles transformer
feature_0959,float,,Feature 959 of the smiles transformer
feature_0960,float,,Feature 960 of the smiles transformer
feature_0961,float,,Feature 961 of the smiles transformer
feature_0962,float,,Feature 962 of the smiles transformer
feature_0963,float,,Feature 963 of the smiles transformer
feature_0964,float,,Feature 964 of the smiles transformer
feature_0965,float,,Feature 965 of the smiles transformer
feature_0966,float,,Feature 966 of the smiles transformer
feature_0967,float,,Feature 967 of the smiles transformer
feature_0968,float,,Feature 968 of the smiles transformer
feature_0969,float,,Feature 969 of the smiles transformer
feature_0970,float,,Feature 970 of the smiles transformer
feature_0971,float,,Feature 971 of the smiles transformer
feature_0972,float,,Feature 972 of the smiles transformer
feature_0973,float,,Feature 973 of the smiles transformer
feature_0974,float,,Feature 974 of the smiles transformer
feature_0975,float,,Feature 975 of the smiles transformer
feature_0976,float,,Feature 976 of the smiles transformer
feature_0977,float,,Feature 977 of the smiles transformer
feature_0978,float,,Feature 978 of the smiles transformer
feature_0979,float,,Feature 979 of the smiles transformer
feature_0980,float,,Feature 980 of the smiles transformer
feature_0981,float,,Feature 981 of the smiles transformer
feature_0982,float,,Feature 982 of the smiles transformer
feature_0983,float,,Feature 983 of the smiles transformer
feature_0984,float,,Feature 984 of the smiles transformer
feature_0985,float,,Feature 985 of the smiles transformer
feature_0986,float,,Feature 986 of the smiles transformer
feature_0987,float,,Feature 987 of the smiles transformer
feature_0988,float,,Feature 988 of the smiles transformer
feature_0989,float,,Feature 989 of the smiles transformer
feature_0990,float,,Feature 990 of the smiles transformer
feature_0991,float,,Feature 991 of the smiles transformer
feature_0992,float,,Feature 992 of the smiles transformer
feature_0993,float,,Feature 993 of the smiles transformer
feature_0994,float,,Feature 994 of the smiles transformer
feature_0995,float,,Feature 995 of the smiles transformer
feature_0996,float,,Feature 996 of the smiles transformer
feature_0997,float,,Feature 997 of the smiles transformer
feature_0998,float,,Feature 998 of the smiles transformer
feature_0999,float,,Feature 999 of the smiles transformer
feature_1000,float,,Feature 1000 of the smiles transformer
feature_1001,float,,Feature 1001 of the smiles transformer
feature_1002,float,,Feature 1002 of the smiles transformer
feature_1003,float,,Feature 1003 of the smiles transformer
feature_1004,float,,Feature 1004 of the smiles transformer
feature_1005,float,,Feature 1005 of the smiles transformer
feature_1006,float,,Feature 1006 of the smiles transformer
feature_1007,float,,Feature 1007 of the smiles transformer
feature_1008,float,,Feature 1008 of the smiles transformer
feature_1009,float,,Feature 1009 of the smiles transformer
feature_1010,float,,Feature 1010 of the smiles transformer
feature_1011,float,,Feature 1011 of the smiles transformer
feature_1012,float,,Feature 1012 of the smiles transformer
feature_1013,float,,Feature 1013 of the smiles transformer
feature_1014,float,,Feature 1014 of the smiles transformer
feature_1015,float,,Feature 1015 of the smiles transformer
feature_1016,float,,Feature 1016 of the smiles transformer
feature_1017,float,,Feature 1017 of the smiles transformer
feature_1018,float,,Feature 1018 of the smiles transformer
feature_1019,float,,Feature 1019 of the smiles transformer
feature_1020,float,,Feature 1020 of the smiles transformer
feature_1021,float,,Feature 1021 of the smiles transformer
feature_1022,float,,Feature 1022 of the smiles transformer
feature_1023,float,,Feature 1023 of the smiles transformer
